id,country,year,life_expectancy,country_name
849198,ZMB,2015,60.49665,Zambia
861849,NZL,2000,78.57108,New Zealand
862558,TON,2000,70.91869,Tonga
876748,CIV,2019,62.91527,Côte d’Ivoire
894525,BHS,2010,72.95849,Bahamas
899460,CRI,2015,80.7813,Costa Rica
900407,HND,2019,71.93507,Honduras
905572,ARM,2000,71.88136,Armenia
939403,UKR,2019,73.01635,Ukraine
966654,CHE,2000,79.71678,Switzerland
968785,ALB,2000,73.54528,Albania
972587,JPN,2015,83.61682,Japan
980119,BRB,2010,75.88476,Barbados
987596,WSM,2019,70.45068,Samoa
1009750,KWT,2010,79.83041,Kuwait
1020806,COD,2019,62.35105,Congo - Kinshasa
1021536,ERI,2000,54.51377,Eritrea
1064146,GUY,2000,62.96075,Guyana
1074621,ARE,2010,74.86285,United Arab Emirates
1077141,ECU,2015,77.18231,Ecuador
1078748,LVA,2015,74.79697,Latvia
1079768,FSM,2000,61.19261,Micronesia (Federated States of)
1087036,VEN,2010,74.78663,Venezuela
1097587,ISR,2000,78.57471,Israel
1099851,ARM,2010,73.11896,Armenia
1109474,TCD,2000,51.07935,Chad
1113974,SYR,2000,71.45632,Syria
1114609,MEX,2019,76.01043,Mexico
1119880,LTU,2019,75.99383,Lithuania
1131743,BGD,2000,65.58728,Bangladesh
1140678,UGA,2010,59.66988,Uganda
1145589,GTM,2000,66.78309,Guatemala
1188314,TKM,2015,69.11091,Turkmenistan
1197968,ATG,2015,76.13984,Antigua & Barbuda
1209969,GNQ,2010,59.65091,Equatorial Guinea
1224673,SDN,2019,69.14727,Sudan
1247775,ISR,2010,81.55505,Israel
1254938,OMN,2010,70.36497,Oman
1255887,ROU,2000,71.39459,Romania
1259169,MOZ,2015,55.94504,Mozambique
1263627,TCD,2010,55.65166,Chad
1276469,COM,2010,64.97557,Comoros
1285038,IRN,2015,76.66063,Iran
1289201,AUT,2015,80.98208,Austria
1292192,YEM,2000,62.6944,Yemen
1306951,LBR,2015,61.16508,Liberia
1306986,IRN,2019,77.34517,Iran
1314889,HRV,2000,74.3574,Croatia
1319633,TTO,2015,74.61483,Trinidad & Tobago
1324291,ARG,2010,75.43737,Argentina
1328590,KGZ,2010,69.17432,Kyrgyzstan
1346053,GNQ,2019,62.19166,Equatorial Guinea
1348119,GHA,2000,59.2442,Ghana
1357298,OMN,2000,69.07159,Oman
1364636,NPL,2000,65.25922,Nepal
1376275,PAK,2000,60.0836,Pakistan
1390488,CPV,2015,74.88204,Cape Verde
1394241,SOM,2019,56.46892,Somalia
1413094,JPN,2000,81.12236,Japan
1415439,PNG,2019,65.30473,Papua New Guinea
1426003,BOL,2000,66.01998,Bolivia
1426632,NAM,2015,62.86888,Namibia
1428124,UZB,2015,71.44585,Uzbekistan
1429524,NIC,2015,74.61766,Nicaragua
1433393,VEN,2000,74.08585,Venezuela
1454830,BFA,2019,62.7035,Burkina Faso
1467617,PHL,2010,69.96309,Philippines
1472802,KEN,2000,53.87265,Kenya
1473397,PNG,2010,63.42075,Papua New Guinea
1476963,PAK,2019,65.60827,Pakistan
1492863,PRY,2000,74.79564,Paraguay
1499659,LTU,2000,72.03902,Lithuania
1507488,UZB,2000,65.26546,Uzbekistan
1510898,WSM,2015,70.03727,Samoa
1513295,SLB,2000,62.51012,Solomon Islands
1515613,ERI,2019,64.08144,Eritrea
1515765,TJK,2000,65.57712,Tajikistan
1524877,UGA,2015,64.46594,Uganda
1553026,SLE,2015,56.93931,Sierra Leone
1555347,TJK,2019,69.50127,Tajikistan
1604041,MNG,2010,65.0518,Mongolia
1612100,IND,2000,62.10872,India
1615149,LAO,2000,58.40971,Laos
1615241,SLB,2015,64.74374,Solomon Islands
1632846,DOM,2000,73.2209,Dominican Republic
1636247,TKM,2019,69.74881,Turkmenistan
1668517,BGR,2000,71.60985,Bulgaria
1688683,BGR,2015,74.55482,Bulgaria
1702032,MDG,2015,64.18649,Madagascar
1711936,PRT,2019,81.57421,Portugal
1738565,ETH,2015,66.82242,Ethiopia
1773552,COD,2015,60.44355,Congo - Kinshasa
1773583,LUX,2000,78.2397,Luxembourg
1778981,ZAF,2010,57.14331,South Africa
1789803,GRC,2000,78.17218,Greece
1793514,MDV,2010,76.99346,Maldives
1793534,LBY,2010,76.03725,Libya
1800470,KOR,2019,83.3047,South Korea
1803315,SDN,2000,62.46532,Sudan
1824050,BWA,2015,60.92577,Botswana
1828215,GRC,2015,80.37633,Greece
1837551,TZA,2010,61.38839,Tanzania
1845111,DNK,2015,80.59389,Denmark
1847779,VNM,2000,71.44998,Vietnam
1862542,DEU,2015,80.42174,Germany
1865818,THA,2019,77.6988,Thailand
1870894,VEN,2015,74.65737,Venezuela
1870958,MNE,2000,73.56364,Montenegro
1879062,MUS,2010,73.24183,Mauritius
1901391,PRY,2010,74.98831,Paraguay
1912209,PNG,2000,63.28541,Papua New Guinea
1941996,JAM,2015,75.85057,Jamaica
1946066,CYP,2015,82.01412,Cyprus
1961737,SSD,2000,54.1488,South Sudan
1965107,BDI,2000,43.78423,Burundi
1971842,IRN,2000,72.56416,Iran
1974958,CHL,2000,76.77242,Chile
2000191,GEO,2019,73.2812,Georgia
2017960,GEO,2010,71.87132,Georgia
2023568,GBR,2019,81.40353,United Kingdom
2043997,IDN,2000,67.17435,Indonesia
2044076,LBY,2000,74.39559,Libya
2051228,BLR,2015,73.81525,Belarus
2053669,TLS,2015,68.86667,Timor-Leste
2063425,COL,2019,79.31356,Colombia
2075193,GTM,2019,72.01939,Guatemala
2076757,SEN,2010,65.47308,Senegal
2079443,GMB,2015,64.14439,Gambia
2105060,AGO,2015,61.71907,Angola
2107247,DZA,2010,75.85488,Algeria
2111974,COD,2010,57.50722,Congo - Kinshasa
2118182,GMB,2000,59.24446,Gambia
2126904,LBR,2019,64.07872,Liberia
2131831,SUR,2015,72.60451,Suriname
2132089,ALB,2010,76.24688,Albania
2137248,COD,2000,52.44439,Congo - Kinshasa
2149444,ETH,2000,50.57764,Ethiopia
2156777,NIC,2019,75.03769,Nicaragua
2164210,CUB,2015,77.91375,Cuba
2165527,CIV,2010,56.61696,Côte d’Ivoire
2177264,GNB,2000,50.28384,Guinea-Bissau
2189221,BRB,2019,76.0344,Barbados
2189669,SSD,2010,61.09674,South Sudan
2203271,KHM,2019,70.12289,Cambodia
2212058,KAZ,2015,71.90915,Kazakhstan
2224864,YEM,2019,66.63147,Yemen
2239260,AUS,2019,83.04064,Australia
2242367,NPL,2019,70.88377,Nepal
2254734,GAB,2000,58.09779,Gabon
2265090,LAO,2019,68.51331,Laos
2281758,JPN,2019,84.26138,Japan
2290489,COL,2010,77.09467,Colombia
2296931,LKA,2010,73.30135,Sri Lanka
2299928,MUS,2019,74.07175,Mauritius
2300242,BHS,2019,73.21226,Bahamas
2301369,COM,2019,67.3913,Comoros
2303538,LVA,2000,70.17654,Latvia
2315458,BEL,2010,79.84602,Belgium
2323770,IRQ,2000,68.77211,Iraq
2325272,BEL,2015,80.71184,Belgium
2326364,QAT,2010,74.07913,Qatar
2331017,TUR,2010,76.893,Turkey
2334126,GRD,2019,72.88402,Grenada
2342239,DEU,2010,80.16794,Germany
2343055,ISR,2019,82.62151,Israel
2358393,SSD,2019,62.79444,South Sudan
2373064,MNG,2019,68.09768,Mongolia
2377901,KAZ,2000,63.14555,Kazakhstan
2388775,BGR,2010,73.64205,Bulgaria
2399081,RWA,2015,67.68883,Rwanda
2415180,KGZ,2019,74.18089,Kyrgyzstan
2446477,ISL,2000,79.70157,Iceland
2455647,HTI,2010,31.2792,Haiti
2479414,SGP,2019,83.22195,Singapore
2479504,BFA,2010,58.59142,Burkina Faso
2479864,FJI,2015,67.82661,Fiji
2483764,TUR,2000,74.41146,Turkey
2486777,SGP,2000,78.43803,Singapore
2508044,MDG,2000,58.82296,Madagascar
2520935,MRT,2000,61.96471,Mauritania
2532743,ZMB,2010,56.67128,Zambia
2548065,HRV,2019,78.63747,Croatia
2560941,MMR,2019,69.1335,Myanmar (Burma)
2562957,CHN,2010,74.88925,China
2568101,NLD,2019,81.79341,Netherlands
2589646,HTI,2019,64.05315,Haiti
2604845,BLR,2000,68.84592,Belarus
2628867,SVN,2019,81.30905,Slovenia
2636936,COG,2000,52.11573,Congo - Brazzaville
2655057,SVK,2019,78.23097,Slovakia
2657150,NGA,2015,61.15609,Nigeria
2676400,JOR,2000,72.64991,Jordan
2677496,URY,2000,74.81694,Uruguay
2683095,MYS,2010,74.25258,Malaysia
2689357,MDA,2010,68.81108,Moldova
2693277,DEU,2000,78.09462,Germany
2693798,SWE,2010,81.30297,Sweden
2723657,MLI,2015,60.88689,Mali
2729949,BEN,2000,56.59007,Benin
2739853,MLT,2000,77.8685,Malta
2742551,FIN,2019,81.6124,Finland
2753935,UKR,2015,72.2022,Ukraine
2763814,THA,2000,71.25484,Thailand
2765198,STP,2010,68.24239,São Tomé & Príncipe
2767589,GIN,2010,58.06684,Guinea
2788702,SRB,2000,71.42738,Serbia
2804578,MOZ,2019,58.13618,Mozambique
2810974,IRN,2010,75.85632,Iran
2811124,POL,2015,77.2867,Poland
2816656,MOZ,2010,53.47655,Mozambique
2828838,ETH,2010,62.91552,Ethiopia
2834048,ISL,2019,82.32826,Iceland
2835140,ZWE,2019,60.68252,Zimbabwe
2838012,SVN,2010,79.5501,Slovenia
2843829,CHN,2000,71.58401,China
2845982,ITA,2010,81.89587,Italy
2864152,HUN,2015,75.56887,Hungary
2864914,AGO,2000,49.30265,Angola
2866752,COL,2000,73.74615,Colombia
2868703,CZE,2000,74.95213,Czechia
2904627,CAN,2000,79.09756,Canada
2906971,VCT,2010,72.85194,St. Vincent & Grenadines
2914461,UGA,2000,48.76083,Uganda
2923701,BHR,2010,74.51688,Bahrain
2951971,SLE,2010,54.74398,Sierra Leone
2952315,LBY,2015,74.60217,Libya
2953762,PHL,2019,70.42632,Philippines
2971751,GUY,2010,64.77226,Guyana
2972789,SLV,2019,75.033,El Salvador
2978151,IRL,2000,76.41336,Ireland
2982411,BHR,2015,76.46371,Bahrain
2994135,ZMB,2000,44.46076,Zambia
2999622,MLI,2019,62.79813,Mali
3015415,BFA,2015,60.91832,Burkina Faso
3018561,IND,2019,70.78756,India
3023455,PRK,2000,63.95288,North Korea
3035903,WSM,2010,69.56606,Samoa
3043126,GHA,2015,64.5454,Ghana
3057233,CYP,2000,78.74654,Cyprus
3073188,PER,2000,74.42262,Peru
3085104,CPV,2010,74.12373,Cape Verde
3088139,SYC,2015,73.19635,Seychelles
3098860,ESP,2019,83.21875,Spain
3101233,HND,2000,70.03738,Honduras
3103303,GRC,2019,81.09948,Greece
3121871,HRV,2010,76.71532,Croatia
3126419,GBR,2010,80.24544,United Kingdom
3135233,MUS,2000,71.17201,Mauritius
3147326,VUT,2000,63.90294,Vanuatu
3155658,HTI,2000,57.04974,Haiti
3156968,SLE,2019,60.7705,Sierra Leone
3160718,PAK,2010,62.64254,Pakistan
3164050,STP,2000,63.45224,São Tomé & Príncipe
3165300,ARM,2019,76.02519,Armenia
3166956,TUN,2019,77.03745,Tunisia
3168704,SLV,2000,72.4995,El Salvador
3180459,PRT,2015,80.88557,Portugal
3191218,CHE,2010,82.1935,Switzerland
3193002,SAU,2019,74.31111,Saudi Arabia
3207365,NOR,2015,82.00599,Norway
3210328,GIN,2019,61.00587,Guinea
3215055,BEN,2019,63.42606,Benin
3216906,JAM,2019,75.97828,Jamaica
3223015,AUS,2010,81.9043,Australia
3242532,KOR,2000,76.21414,South Korea
3258140,BEL,2000,77.66169,Belgium
3265347,BDI,2015,62.04675,Burundi
3265683,LVA,2010,72.93502,Latvia
3331629,SEN,2015,67.20235,Senegal
3350118,MDG,2019,65.34995,Madagascar
3354868,BRA,2019,75.90331,Brazil
3368037,TLS,2010,68.06429,Timor-Leste
3369739,CAF,2010,48.51089,Central African Republic
3382213,TKM,2010,67.31309,Turkmenistan
3384018,QAT,2015,76.40804,Qatar
3405176,PRT,2000,76.58447,Portugal
3430489,RUS,2010,68.76031,Russia
3430801,NGA,2000,53.63285,Nigeria
3444851,KEN,2010,61.17774,Kenya
3445230,IRL,2010,80.41316,Ireland
3467322,IRQ,2019,72.42317,Iraq
3491249,LCA,2015,75.00793,St. Lucia
3491960,SRB,2010,74.20436,Serbia
3508013,GMB,2019,65.4712,Gambia
3509998,NER,2000,50.35257,Niger
3524365,YEM,2015,67.46812,Yemen
3524704,GNB,2010,55.43303,Guinea-Bissau
3528633,HUN,2010,74.576,Hungary
3536970,ALB,2019,78.00018,Albania
3538537,ATG,2019,76.45393,Antigua & Barbuda
3550418,OMN,2019,73.89786,Oman
3552861,HND,2015,69.81947,Honduras
3560214,BHR,2000,70.46838,Bahrain
3567529,PNG,2015,64.48792,Papua New Guinea
3579703,NOR,2010,80.8722,Norway
3607001,ESP,2015,82.33084,Spain
3616125,SYR,2015,64.40233,Syria
3629524,SGP,2015,82.80753,Singapore
3668725,CZE,2019,79.1303,Czechia
3673121,GEO,2015,72.58078,Georgia
3675030,AUT,2019,81.64519,Austria
3679172,TUR,2015,77.79037,Turkey
3683299,GNQ,2015,61.12561,Equatorial Guinea
3718427,RWA,2010,64.43977,Rwanda
3726082,IND,2015,69.31467,India
3740131,LSO,2010,47.37603,Lesotho
3757589,FRA,2015,81.9132,France
3769619,BOL,2010,70.34061,Bolivia
3774463,FRA,2000,78.91328,France
3777154,ARE,2019,76.07952,United Arab Emirates
3778074,QAT,2019,77.17221,Qatar
3798503,GBR,2000,77.85276,United Kingdom
3815263,ECU,2019,78.44662,Ecuador
3820761,AFG,2000,54.98949,Afghanistan
3831574,BWA,2010,58.1373,Botswana
3838995,SYC,2000,71.86977,Seychelles
3841446,SUR,2019,71.48003,Suriname
3843142,LBN,2000,74.61004,Lebanon
3850380,IRQ,2010,70.24248,Iraq
3860870,LTU,2010,73.14211,Lithuania
3862069,BIH,2010,76.18808,Bosnia & Herzegovina
3865997,TTO,2010,72.1172,Trinidad & Tobago
3871680,TZA,2000,52.4742,Tanzania
3873634,OMN,2015,72.52431,Oman
3878164,MOZ,2000,50.68681,Mozambique
3884364,BDI,2019,63.83847,Burundi
3890733,BEN,2015,61.96257,Benin
3893682,ZAF,2019,65.25417,South Africa
3927048,NZL,2019,81.96268,New Zealand
3936768,MRT,2019,68.37999,Mauritania
3942753,DJI,2015,64.64274,Djibouti
3948822,AGO,2010,58.06943,Angola
3955799,NZL,2015,81.31198,New Zealand
3957911,GAB,2019,66.46912,Gabon
3975289,BRN,2000,72.20396,Brunei
3977168,BLZ,2000,70.34421,Belize
3992209,NOR,2000,78.53192,Norway
3992320,BRN,2010,74.567,Brunei
4005056,FSM,2019,63.02715,Micronesia (Federated States of)
4017853,EGY,2015,70.4922,Egypt
4023507,ITA,2019,82.97414,Italy
4025113,MAR,2010,71.59913,Morocco
4032977,VNM,2015,73.16457,Vietnam
4037127,JAM,2000,74.22007,Jamaica
4068766,MKD,2019,74.8186,North Macedonia
4073467,FRA,2010,81.21869,France
4075333,LCA,2010,75.1967,St. Lucia
4090436,AFG,2015,61.65429,Afghanistan
4090779,MUS,2015,74.13624,Mauritius
4097639,GTM,2015,70.94937,Guatemala
4101772,BEN,2010,60.47139,Benin
4103127,BRA,2015,75.13264,Brazil
4127456,ERI,2015,62.29015,Eritrea
4143268,BGD,2015,73.58051,Bangladesh
4146429,FIN,2000,77.59772,Finland
4155452,UZB,2019,73.00793,Uzbekistan
4157405,NAM,2000,53.31758,Namibia
4157999,UKR,2010,70.1993,Ukraine
4167459,NLD,2000,78.01108,Netherlands
4170069,BGR,2019,75.07156,Bulgaria
4180034,SRB,2015,75.20887,Serbia
4198118,NER,2015,61.53951,Niger
4200398,RUS,2019,73.23246,Russia
4202825,ARE,2015,75.31077,United Arab Emirates
4224962,MLI,2010,59.04575,Mali
4237654,IRL,2019,81.84092,Ireland
4237696,LSO,2000,47.82177,Lesotho
4253495,PRK,2010,70.182,North Korea
4268713,BIH,2000,75.41919,Bosnia & Herzegovina
4269082,TON,2015,72.33002,Tonga
4272089,SAU,2015,73.15216,Saudi Arabia
4278654,LKA,2019,76.86693,Sri Lanka
4282479,GIN,2015,58.81324,Guinea
4284367,GNB,2015,58.23238,Guinea-Bissau
4285644,MDA,2015,71.13158,Moldova
4290133,FSM,2015,62.74269,Micronesia (Federated States of)
4290520,SWZ,2019,57.72837,Eswatini
4315680,SYC,2010,73.01305,Seychelles
4328496,BFA,2000,51.64145,Burkina Faso
4333413,RUS,2000,65.29212,Russia
4341518,BEL,2019,81.42305,Belgium
4349869,VUT,2015,64.63885,Vanuatu
4372844,TTO,2000,69.70364,Trinidad & Tobago
4376191,PHL,2000,69.02835,Philippines
4381778,MNE,2019,75.87666,Montenegro
4420765,BHR,2019,75.81459,Bahrain
4423437,DJI,2010,61.8674,Djibouti
4428179,MDG,2010,62.79004,Madagascar
4428847,TCD,2019,59.63255,Chad
4439051,TJK,2010,68.00558,Tajikistan
4441076,DEU,2019,81.72252,Germany
4447612,CHN,2015,76.64185,China
4515922,IDN,2019,71.30966,Indonesia
4530791,PER,2010,77.28428,Peru
4545675,JOR,2015,77.8223,Jordan
4545779,CAF,2015,50.53056,Central African Republic
4555035,PAN,2015,78.71516,Panama
4562467,GRD,2010,71.96705,Grenada
4577869,NAM,2019,64.57598,Namibia
4580101,SVN,2000,76.05003,Slovenia
4590884,WSM,2000,68.50683,Samoa
4597858,MNE,2015,75.27178,Montenegro
4605337,PRY,2015,75.56395,Paraguay
4611968,ZAF,2000,55.75228,South Africa
4630338,MKD,2000,71.10777,North Macedonia
4641102,ISL,2010,81.68404,Iceland
4668462,SWZ,2010,47.42663,Eswatini
4668629,GEO,2000,69.40902,Georgia
4670723,NPL,2015,69.4259,Nepal
4684446,RUS,2015,71.29893,Russia
4691507,NLD,2015,81.28043,Netherlands
4693035,SYR,2019,72.67168,Syria
4706850,VNM,2010,72.72223,Vietnam
4718179,SOM,2015,54.56641,Somalia
4737302,LBY,2019,75.77909,Libya
4747383,PAN,2019,79.29353,Panama
4748888,THA,2010,76.25385,Thailand
4752690,SWE,2015,81.74503,Sweden
4757860,PRT,2010,79.73194,Portugal
4774170,CAF,2000,44.33932,Central African Republic
4775644,PHL,2015,70.29715,Philippines
4779148,SAU,2010,71.75653,Saudi Arabia
4805814,AFG,2010,59.94055,Afghanistan
4806979,CRI,2000,78.00478,Costa Rica
4811678,CHL,2015,79.81646,Chile
4827140,BRN,2015,74.40452,Brunei
4831883,KEN,2019,66.08511,Kenya
4841683,DNK,2000,76.93244,Denmark
4870371,KAZ,2019,73.95099,Kazakhstan
4881057,HRV,2015,77.5798,Croatia
4881982,NGA,2010,59.23747,Nigeria
4883617,PRK,2015,71.75806,North Korea
4900405,CHL,2010,78.46236,Chile
4907470,GMB,2010,62.42088,Gambia
4910598,TGO,2015,61.9192,Togo
4923101,CUB,2019,77.76285,Cuba
4925053,ISL,2015,82.13903,Iceland
4927159,IDN,2010,69.25565,Indonesia
4930615,FJI,2019,68.01035,Fiji
4946263,LBR,2010,60.70386,Liberia
4953527,KHM,2015,69.17362,Cambodia
4954533,CHE,2019,83.44616,Switzerland
4965806,KWT,2000,77.8641,Kuwait
4977099,NIC,2010,74.05313,Nicaragua
4988600,EGY,2000,69.82364,Egypt
4992363,VCT,2015,72.46788,St. Vincent & Grenadines
4998047,TGO,2019,64.27029,Togo
5017226,MMR,2015,67.57671,Myanmar (Burma)
5026891,MKD,2015,73.72823,North Macedonia
5029702,ARG,2019,76.57514,Argentina
5029851,BHS,2015,72.91566,Bahamas
5031397,KHM,2010,67.21539,Cambodia
5046652,PAN,2010,77.53473,Panama
5049541,LAO,2010,64.8849,Laos
5059758,DOM,2010,73.16863,Dominican Republic
5107206,GNQ,2000,54.31445,Equatorial Guinea
5116510,TKM,2000,63.31976,Turkmenistan
5137229,FIN,2010,79.87524,Finland
5157916,TCD,2015,57.9122,Chad
5160899,STP,2015,69.60426,São Tomé & Príncipe
5167841,SWE,2019,82.40387,Sweden
5172186,SDN,2015,67.93808,Sudan
5181373,CUB,2010,77.65455,Cuba
5194680,AZE,2000,65.52002,Azerbaijan
5212487,JAM,2010,75.7666,Jamaica
5231785,DJI,2000,59.84435,Djibouti
5233776,ROU,2010,73.70329,Romania
5235286,BIH,2015,76.31874,Bosnia & Herzegovina
5239052,ITA,2000,79.36485,Italy
5252590,MEX,2010,75.1333,Mexico
5256705,GUY,2019,65.6929,Guyana
5274738,CHL,2019,80.73621,Chile
5303540,TZA,2019,67.34418,Tanzania
9188,URY,2015,77.03117,Uruguay
10519,TON,2019,72.57066,Tonga
27845,SUR,2000,69.94162,Suriname
40770,KGZ,2000,65.9502,Kyrgyzstan
41384,CYP,2010,81.01904,Cyprus
69209,CHN,2019,77.43322,China
70234,BWA,2000,45.58516,Botswana
101765,MRT,2010,65.59114,Mauritania
104253,GHA,2010,61.99749,Ghana
106543,LKA,2015,76.26894,Sri Lanka
113005,VNM,2019,73.74126,Vietnam
116093,TUR,2019,78.62457,Turkey
119290,KIR,2000,55.7305,Kiribati
119605,BHS,2000,70.93668,Bahamas
120931,TUN,2015,76.69955,Tunisia
135301,MDA,2019,73.26277,Moldova
141306,MEX,2015,75.86538,Mexico
164087,LUX,2015,82.30824,Luxembourg
174556,VCT,2000,70.6085,St. Vincent & Grenadines
202630,COG,2019,64.73853,Congo - Brazzaville
203688,USA,2000,76.6916,United States
215911,ARE,2000,73.18027,United Arab Emirates
222742,ESP,2000,79.08088,Spain
227696,ITA,2015,82.20576,Italy
228084,MAR,2015,72.46462,Morocco
233296,MDA,2000,66.87234,Moldova
253859,MAR,2000,69.34715,Morocco
259737,DZA,2000,72.21101,Algeria
271214,SLV,2010,74.5043,El Salvador
283939,CPV,2000,70.97066,Cape Verde
302801,TLS,2019,69.62458,Timor-Leste
304683,TZA,2015,65.3562,Tanzania
306430,HTI,2015,62.60823,Haiti
307019,AZE,2015,70.6707,Azerbaijan
309660,AZE,2010,69.02677,Azerbaijan
325266,NER,2019,63.28761,Niger
336721,CMR,2010,56.58267,Cameroon
345677,KIR,2010,58.0072,Kiribati
360017,NER,2010,58.95322,Niger
360367,MDV,2015,78.40925,Maldives
363895,GHA,2019,66.27741,Ghana
364459,KWT,2015,81.13089,Kuwait
385413,FSM,2010,62.66982,Micronesia (Federated States of)
387653,LAO,2015,67.07706,Laos
401777,SYC,2019,73.34014,Seychelles
423374,ETH,2019,68.6994,Ethiopia
435938,BWA,2019,62.24785,Botswana
440028,LUX,2010,80.94445,Luxembourg
462654,PRY,2019,75.80984,Paraguay
471350,SEN,2000,58.59945,Senegal
479903,KHM,2000,58.68463,Cambodia
505258,JOR,2010,76.58584,Jordan
521493,VUT,2019,65.3064,Vanuatu
528891,RWA,2000,47.50621,Rwanda
534086,AFG,2019,63.2099,Afghanistan
540723,USA,2010,78.56299,United States
560221,MYS,2019,74.718,Malaysia
565076,MMR,2000,59.994,Myanmar (Burma)
579264,SLE,2000,48.72966,Sierra Leone
588936,CPV,2019,74.03075,Cape Verde
604274,COL,2015,78.35336,Colombia
606313,SEN,2019,68.57918,Senegal
610723,EGY,2019,71.81616,Egypt
631081,CAN,2010,81.3058,Canada
636957,BTN,2010,71.00534,Bhutan
641763,SYR,2010,74.34853,Syria
652954,GRC,2010,80.09935,Greece
659686,FJI,2000,65.89899,Fiji
665045,SLV,2015,73.24693,El Salvador
671965,MLT,2015,81.64819,Malta
701610,POL,2010,76.25071,Poland
711417,BIH,2019,76.75007,Bosnia & Herzegovina
733256,BRA,2000,71.46612,Brazil
753308,URY,2010,76.36115,Uruguay
765414,LBN,2015,75.98468,Lebanon
767343,SOM,2010,51.97965,Somalia
768764,MLI,2000,52.63884,Mali
768847,AUT,2000,78.16925,Austria
793965,SVK,2000,73.30185,Slovakia
808977,FRA,2019,82.47668,France
816818,SDN,2010,66.55967,Sudan
827245,PAK,2015,64.18282,Pakistan
833121,STP,2019,70.41647,São Tomé & Príncipe
843511,GAB,2015,64.93317,Gabon
5347245,SAU,2000,70.52375,Saudi Arabia
5352819,LSO,2015,47.66742,Lesotho
5395615,GTM,2010,69.3014,Guatemala
5397694,SVK,2010,75.46777,Slovakia
5407032,ROU,2019,75.5658,Romania
5447745,URY,2019,77.0994,Uruguay
5465553,KEN,2015,64.16978,Kenya
5473790,ISR,2015,81.93443,Israel
5503818,COM,2015,66.45436,Comoros
5510635,SUR,2010,71.83333,Suriname
5519645,TUN,2000,74.11952,Tunisia
5538314,MMR,2010,64.78619,Myanmar (Burma)
5549956,SWZ,2000,47.04535,Eswatini
5551658,CZE,2010,77.56047,Czechia
5554822,ARG,2000,74.08556,Argentina
5561508,MAR,2019,72.98804,Morocco
5564312,ARG,2015,76.16682,Argentina
5564587,CAN,2019,82.23827,Canada
5571376,TLS,2000,62.66777,Timor-Leste
5577615,VEN,2019,73.94636,Venezuela
5584449,MYS,2015,74.95027,Malaysia
5602960,BOL,2019,72.13765,Bolivia
5626682,DZA,2019,77.13415,Algeria
5632992,SVK,2015,77.01103,Slovakia
5648077,PER,2015,79.07546,Peru
5650613,MWI,2010,56.79726,Malawi
5660742,SRB,2019,75.87003,Serbia
5667702,BRN,2019,74.32442,Brunei
5687847,UKR,2000,67.52593,Ukraine
5696986,LBR,2000,53.77378,Liberia
5698060,SGP,2010,81.70047,Singapore
5698758,HUN,2019,76.44219,Hungary
5722921,ATG,2010,75.94979,Antigua & Barbuda
5722942,LCA,2019,74.32764,St. Lucia
5736356,MLT,2019,81.89443,Malta
5736752,GBR,2015,80.65246,United Kingdom
5754509,ATG,2000,74.56184,Antigua & Barbuda
5756874,FIN,2015,81.21355,Finland
5757717,GNB,2019,60.21801,Guinea-Bissau
5759987,ECU,2010,75.02002,Ecuador
5760843,NOR,2019,82.61812,Norway
5761339,SLB,2010,63.69107,Solomon Islands
5766197,TGO,2010,59.32759,Togo
5779215,GRD,2015,72.69942,Grenada
5782555,MNG,2000,60.52023,Mongolia
5790492,CMR,2019,62.35601,Cameroon
5790751,TTO,2019,76.12728,Trinidad & Tobago
5813278,ERI,2010,60.69732,Eritrea
5820995,HND,2010,71.14799,Honduras
5822599,UGA,2019,66.69038,Uganda
5849126,ESP,2010,81.69273,Spain
5851700,BRB,2015,76.21642,Barbados
5897207,ZWE,2015,58.47603,Zimbabwe
5929280,RWA,2019,69.10349,Rwanda
5930706,EGY,2010,70.1955,Egypt
5931642,SOM,2000,49.87339,Somalia
5955759,VUT,2010,64.52286,Vanuatu
5957062,ZAF,2015,62.57465,South Africa
5960690,EST,2000,70.94411,Estonia
5972470,LBN,2019,76.43958,Lebanon
5978191,CZE,2015,78.45764,Czechia
5996550,YEM,2010,67.70083,Yemen
5997321,BLZ,2010,73.38513,Belize
6012067,TUN,2010,76.0455,Tunisia
6014451,COM,2000,61.50557,Comoros
6017734,DJI,2019,65.81488,Djibouti
6035306,FJI,2010,67.60218,Fiji
6050135,THA,2015,77.41125,Thailand
6093064,BDI,2010,58.59703,Burundi
6094280,GRD,2000,71.96758,Grenada
6116966,KIR,2015,58.19797,Kiribati
6157543,CYP,2019,83.14104,Cyprus
6168423,EST,2010,75.87077,Estonia
6170626,BLR,2010,70.38769,Belarus
6176504,NIC,2000,73.25869,Nicaragua
6178901,LUX,2019,82.41467,Luxembourg
6183041,MWI,2000,44.72838,Malawi
6188180,POL,2019,78.26672,Poland
6197649,JPN,2010,82.68162,Japan
6199178,CUB,2000,76.76054,Cuba
6201005,LCA,2000,73.21431,St. Lucia
6203203,MDV,2019,79.59427,Maldives
6215436,LKA,2000,71.89227,Sri Lanka
6237757,MEX,2000,74.40966,Mexico
6239993,JOR,2019,77.87197,Jordan
6246608,BRB,2000,74.49873,Barbados
6246779,CMR,2000,52.82113,Cameroon
6250602,PAN,2000,77.23182,Panama
6257730,PRK,2019,72.63359,North Korea
6259070,COG,2015,63.11351,Congo - Brazzaville
6269436,KIR,2019,59.41902,Kiribati
6276997,GUY,2015,65.58898,Guyana
6279547,MWI,2015,63.0444,Malawi
6281389,SVN,2015,80.47,Slovenia
6295131,CIV,2000,50.33079,Côte d’Ivoire
6298231,KWT,2019,80.96625,Kuwait
6299671,POL,2000,73.70372,Poland
6301007,EST,2015,77.60223,Estonia
6323551,LBN,2010,75.52657,Lebanon
6327317,SSD,2015,61.98944,South Sudan
6331967,ROU,2015,74.82143,Romania
6336175,BOL,2015,71.5186,Bolivia
6346834,CAF,2019,53.09729,Central African Republic
6360466,KAZ,2010,68.43288,Kazakhstan
6360572,AZE,2019,71.42894,Azerbaijan
6370125,KGZ,2015,71.59398,Kyrgyzstan
6377255,ZWE,2010,51.49335,Zimbabwe
6379304,TJK,2015,68.65755,Tajikistan
6385305,BGD,2019,74.25471,Bangladesh
6387741,AUS,2015,82.2783,Australia
6406941,IRQ,2015,70.29305,Iraq
6449917,MKD,2010,73.10848,North Macedonia
6454294,NAM,2010,60.93765,Namibia
6454562,LTU,2015,74.37679,Lithuania
6470326,BGD,2010,70.28825,Bangladesh
6482175,AUT,2010,80.3856,Austria
6487905,USA,2019,78.49568,United States
6492457,NGA,2019,62.61868,Nigeria
6493355,UZB,2010,70.18845,Uzbekistan
6520330,CHE,2015,82.61449,Switzerland
6547233,IDN,2015,70.60569,Indonesia
6566444,USA,2015,78.55634,United States
6568068,MYS,2000,72.79781,Malaysia
6574900,EST,2019,78.87813,Estonia
6578360,QAT,2000,71.29387,Qatar
6579305,MWI,2019,65.62458,Malawi
6581827,BLR,2019,74.80977,Belarus
6604135,DOM,2015,71.75336,Dominican Republic
6608232,LVA,2019,75.37604,Latvia
6621136,AUS,2000,79.69334,Australia
6668112,BRA,2010,74.09258,Brazil
6674661,GIN,2000,54.25539,Guinea
6678771,ARM,2015,74.51096,Armenia
6680377,CAN,2015,81.75909,Canada
6714139,MRT,2015,67.40752,Mauritania
6721654,NLD,2010,80.68311,Netherlands
6736896,CRI,2019,80.84692,Costa Rica
6764393,NZL,2010,80.93715,New Zealand
6772872,DNK,2019,81.31571,Denmark
6778163,NPL,2010,69.18102,Nepal
6785373,BTN,2015,72.15268,Bhutan
6796723,DNK,2010,79.16606,Denmark
6811880,IND,2010,67.22851,India
6816748,ALB,2015,77.84428,Albania
6825963,BLZ,2019,74.40823,Belize
6834209,CRI,2010,79.55984,Costa Rica
6842933,ZMB,2019,62.4529,Zambia
6860964,DOM,2019,72.84367,Dominican Republic
6864744,SWE,2000,79.57394,Sweden
6876575,AGO,2019,63.06044,Angola
6879895,MNG,2015,67.61475,Mongolia
6892830,ZWE,2000,46.57054,Zimbabwe
6905557,SLB,2019,65.24883,Solomon Islands
6918212,LSO,2019,50.74881,Lesotho
6923012,BLZ,2015,74.04993,Belize
6930115,CMR,2015,59.11311,Cameroon
6931147,TON,2010,72.221190000000007,Tonga
6948657,KOR,2010,80.58366,South Korea
6950362,KOR,2015,82.20299,South Korea
6957920,IRL,2015,81.1396,Ireland
6985646,BTN,2019,73.1091,Bhutan
6992659,GAB,2010,62.16494,Gabon
7018269,MNE,2010,74.68839,Montenegro
7027943,HUN,2000,71.33797,Hungary
7032090,BTN,2000,65.69579,Bhutan
7041234,TGO,2000,55.94736,Togo
7042308,SWZ,2015,54.04612,Eswatini
7044321,PER,2019,79.89777,Peru
7044819,ECU,2000,74.53304,Ecuador
7050873,COG,2010,60.95192,Congo - Brazzaville
7056352,VCT,2019,73.21834,St. Vincent & Grenadines
7064686,MDV,2000,70.95687,Maldives
7068083,CIV,2015,60.19939,Côte d’Ivoire
7070182,MLT,2010,80.4485,Malta
7076628,DZA,2015,76.54363,Algeria
